{"entities":{"pages":{"1.intro":{"id":"1.intro","title":"Introduction to Kubernetes","url":"1-intro.html","level":0,"tabIndex":0},"0.Minikube-Commands-Cheatsheet":{"id":"0.Minikube-Commands-Cheatsheet","title":"Minikube Commands Cheatsheet","url":"0-minikube-commands-cheatsheet.html","level":0,"tabIndex":1},"2.What_is_Kubernetes":{"id":"2.What_is_Kubernetes","title":"What is Kubernetes ?","url":"2-what-is-kubernetes.html","level":0,"tabIndex":2},"3.Kubernetes_Architecture":{"id":"3.Kubernetes_Architecture","title":"Kubernetes Architecture","url":"3-kubernetes-architecture.html","level":0,"tabIndex":3},"4.Main_Kubernetes_Components":{"id":"4.Main_Kubernetes_Components","title":"Main Kubernetes Components","url":"4-main-kubernetes-components.html","level":0,"tabIndex":4},"5.Node_and_Pod":{"id":"5.Node_and_Pod","title":"Node and Pod","url":"5-node-and-pod.html","level":0,"tabIndex":5},"6.Service_and_Ingress":{"id":"6.Service_and_Ingress","title":"Service \u0026 Ingress","url":"6-service-and-ingress.html","level":0,"tabIndex":6},"7.ConfigMap_and_Secret":{"id":"7.ConfigMap_and_Secret","title":"ConfigMap \u0026 Secret","url":"7-configmap-and-secret.html","level":0,"tabIndex":7},"8.Volume":{"id":"8.Volume","title":"Volume","url":"8-volume.html","level":0,"tabIndex":8},"9.Deployment_and_StatefulSet":{"id":"9.Deployment_and_StatefulSet","title":"Deployment \u0026 StatefulSet","url":"9-deployment-and-statefulset.html","level":0,"tabIndex":9},"10.Kubernetes_Configuration":{"id":"10.Kubernetes_Configuration","title":"Kubernetes Configuration","url":"10-kubernetes-configuration.html","level":0,"tabIndex":10},"11.Minikube_and_Kubectl_-_Setup_K8s_cluster_locally":{"id":"11.Minikube_and_Kubectl_-_Setup_K8s_cluster_locally","title":"Minikube and Kubectl - Setup K8s cluster locally","url":"11-minikube-and-kubectl-setup-k8s-cluster-locally.html","level":0,"tabIndex":11},"12.Demo-Deploy_WebApp_with_MongoDB":{"id":"12.Demo-Deploy_WebApp_with_MongoDB","title":"Complete Demo Project: Deploy WebApp with MongoDB","url":"12-demo-deploy-webapp-with-mongodb.html","level":0,"tabIndex":12},"13.Interacting_with_Kubernetes_Cluster":{"id":"13.Interacting_with_Kubernetes_Cluster","title":"Interacting with Kubernetes Cluster","url":"13-interacting-with-kubernetes-cluster.html","level":0,"tabIndex":13}}},"topLevelIds":["1.intro","0.Minikube-Commands-Cheatsheet","2.What_is_Kubernetes","3.Kubernetes_Architecture","4.Main_Kubernetes_Components","5.Node_and_Pod","6.Service_and_Ingress","7.ConfigMap_and_Secret","8.Volume","9.Deployment_and_StatefulSet","10.Kubernetes_Configuration","11.Minikube_and_Kubectl_-_Setup_K8s_cluster_locally","12.Demo-Deploy_WebApp_with_MongoDB","13.Interacting_with_Kubernetes_Cluster"]}